{
    "eval_exact_match": 79.86041874376869,
    "eval_f1": 79.86041874376869
}